Timestamp,ParticipantID,Parity,QuestionID,QuestionText,Answer
2026-01-10T18:28:24.299Z,P_1767970855077_u9djzo2cb,even,post_even_q1,"Как вы оцениваете эффективность работы с ИИ-помощником?","Очень эффективно"
2026-01-10T18:28:24.301Z,P_1767970855077_u9djzo2cb,even,post_even_q2,"Насколько точными были советы, которые давал ИИ?","Очень точные"
2026-01-10T18:28:24.302Z,P_1767970855077_u9djzo2cb,even,post_even_q3,"Как вы оцениваете автономную работу ИИ (когда он сам решал тикеты)?","Отлично"
2026-01-10T18:28:24.302Z,P_1767970855077_u9djzo2cb,even,post_even_q4,"Что бы вы улучшили в работе ИИ-помощника?","Не указано"
2026-01-10T18:28:24.302Z,P_1767970855077_u9djzo2cb,even,post_even_q5,"Предпочли бы вы работать с ИИ или с живыми коллегами в реальной работе? Почему?","ok"
2026-01-10T18:52:08.923Z,P_1767970855077_u9djzo2cb,even,post_even_q1,"Как вы оцениваете эффективность работы с ИИ-помощником?","Очень эффективно"
2026-01-10T18:52:08.925Z,P_1767970855077_u9djzo2cb,even,post_even_q2,"Насколько точными были советы, которые давал ИИ?","Очень точные"
2026-01-10T18:52:08.925Z,P_1767970855077_u9djzo2cb,even,post_even_q3,"Как вы оцениваете автономную работу ИИ (когда он сам решал тикеты)?","Хорошо"
2026-01-10T18:52:08.926Z,P_1767970855077_u9djzo2cb,even,post_even_q4,"Что бы вы улучшили в работе ИИ-помощника?","Не указано"
2026-01-10T18:52:08.926Z,P_1767970855077_u9djzo2cb,even,post_even_q5,"Предпочли бы вы работать с ИИ или с живыми коллегами в реальной работе? Почему?","й"
2026-01-10T18:54:31.155Z,P_1767970855077_u9djzo2cb,even,post_even_q1,"Как вы оцениваете эффективность работы с ИИ-помощником?","Очень эффективно"
2026-01-10T18:54:31.155Z,P_1767970855077_u9djzo2cb,even,post_even_q2,"Насколько точными были советы, которые давал ИИ?","Достаточно точные"
2026-01-10T18:54:31.155Z,P_1767970855077_u9djzo2cb,even,post_even_q3,"Как вы оцениваете автономную работу ИИ (когда он сам решал тикеты)?","Плохо"
2026-01-10T18:54:31.155Z,P_1767970855077_u9djzo2cb,even,post_even_q4,"Что бы вы улучшили в работе ИИ-помощника?","Не указано"
2026-01-10T18:54:31.156Z,P_1767970855077_u9djzo2cb,even,post_even_q5,"Предпочли бы вы работать с ИИ или с живыми коллегами в реальной работе? Почему?","л"
2026-01-10T18:55:37.331Z,P_1767970855077_u9djzo2cb,even,post_odd_q1,"Как вы оцениваете эффективность работы в команде с коллегами?","Очень эффективно"
2026-01-10T18:55:37.332Z,P_1767970855077_u9djzo2cb,even,post_odd_q2,"Насколько коллеги были отзывчивы и готовы помочь?","Очень отзывчивы"
2026-01-10T18:55:37.333Z,P_1767970855077_u9djzo2cb,even,post_odd_q3,"Как вы оцениваете качество решений, которые предлагали коллеги?","Удовлетворительное"
2026-01-10T18:55:37.333Z,P_1767970855077_u9djzo2cb,even,post_odd_q4,"Что бы вы улучшили в системе взаимодействия с коллегами?","Не указано"
2026-01-10T18:55:37.333Z,P_1767970855077_u9djzo2cb,even,post_odd_q5,"Предпочли бы вы работать с живыми коллегами или с ИИ в реальной работе? Почему?","тт"
2026-01-10T18:58:20.456Z,P_1767970855077_u9djzo2cb,even,post_odd_q1,"Как вы оцениваете эффективность работы в команде с коллегами?","Нейтрально"
2026-01-10T18:58:20.458Z,P_1767970855077_u9djzo2cb,even,post_odd_q2,"Насколько коллеги были отзывчивы и готовы помочь?","Отзывчивы"
2026-01-10T18:58:20.459Z,P_1767970855077_u9djzo2cb,even,post_odd_q3,"Как вы оцениваете качество решений, которые предлагали коллеги?","Отличное"
2026-01-10T18:58:20.459Z,P_1767970855077_u9djzo2cb,even,post_odd_q4,"Что бы вы улучшили в системе взаимодействия с коллегами?","Не указано"
2026-01-10T18:58:20.459Z,P_1767970855077_u9djzo2cb,even,post_odd_q5,"Предпочли бы вы работать с живыми коллегами или с ИИ в реальной работе? Почему?","чыфвчв"
2026-01-10T19:19:00.200Z,P_1767970855077_u9djzo2cb,even,post_odd_q1,"Как вы оцениваете эффективность работы в команде с коллегами?","Нейтрально"
2026-01-10T19:19:00.202Z,P_1767970855077_u9djzo2cb,even,post_odd_q2,"Насколько коллеги были отзывчивы и готовы помочь?","Отзывчивы"
2026-01-10T19:19:00.202Z,P_1767970855077_u9djzo2cb,even,post_odd_q3,"Как вы оцениваете качество решений, которые предлагали коллеги?","Удовлетворительное"
2026-01-10T19:19:00.202Z,P_1767970855077_u9djzo2cb,even,post_odd_q4,"Что бы вы улучшили в системе взаимодействия с коллегами?","Не указано"
2026-01-10T19:19:00.202Z,P_1767970855077_u9djzo2cb,even,post_odd_q5,"Предпочли бы вы работать с живыми коллегами или с ИИ в реальной работе? Почему?","лтло"
2026-01-10T19:21:54.987Z,P_1767970855077_u9djzo2cb,even,post_even_q1,"Как вы оцениваете эффективность работы с ИИ-помощником?","Нейтрально"
2026-01-10T19:21:54.987Z,P_1767970855077_u9djzo2cb,even,post_even_q2,"Насколько точными были советы, которые давал ИИ?","Неточные"
2026-01-10T19:21:54.988Z,P_1767970855077_u9djzo2cb,even,post_even_q3,"Как вы оцениваете автономную работу ИИ (когда он сам решал тикеты)?","Плохо"
2026-01-10T19:21:54.988Z,P_1767970855077_u9djzo2cb,even,post_even_q4,"Что бы вы улучшили в работе ИИ-помощника?","Не указано"
2026-01-10T19:21:54.988Z,P_1767970855077_u9djzo2cb,even,post_even_q5,"Предпочли бы вы работать с ИИ или с живыми коллегами в реальной работе? Почему?","ф"
2026-01-10T19:22:28.031Z,P_1767970855077_u9djzo2cb,odd,post_even_q1,"Как вы оцениваете эффективность работы с ИИ-помощником?","Совсем неэффективно"
2026-01-10T19:22:28.032Z,P_1767970855077_u9djzo2cb,odd,post_even_q2,"Насколько точными были советы, которые давал ИИ?","Совсем неточные"
2026-01-10T19:22:28.033Z,P_1767970855077_u9djzo2cb,odd,post_even_q3,"Как вы оцениваете автономную работу ИИ (когда он сам решал тикеты)?","Удовлетворительно"
2026-01-10T19:22:28.033Z,P_1767970855077_u9djzo2cb,odd,post_even_q4,"Что бы вы улучшили в работе ИИ-помощника?","Не указано"
2026-01-10T19:22:28.033Z,P_1767970855077_u9djzo2cb,odd,post_even_q5,"Предпочли бы вы работать с ИИ или с живыми коллегами в реальной работе? Почему?","ффф"
2026-01-10T19:23:14.749Z,P_1767970855077_u9djzo2cb,even,post_even_q1,"Как вы оцениваете эффективность работы с ИИ-помощником?","Совсем неэффективно"
2026-01-10T19:23:14.751Z,P_1767970855077_u9djzo2cb,even,post_even_q2,"Насколько точными были советы, которые давал ИИ?","Неточные"
2026-01-10T19:23:14.751Z,P_1767970855077_u9djzo2cb,even,post_even_q3,"Как вы оцениваете автономную работу ИИ (когда он сам решал тикеты)?","Очень плохо"
2026-01-10T19:23:14.751Z,P_1767970855077_u9djzo2cb,even,post_even_q4,"Что бы вы улучшили в работе ИИ-помощника?","Не указано"
2026-01-10T19:23:14.751Z,P_1767970855077_u9djzo2cb,even,post_even_q5,"Предпочли бы вы работать с ИИ или с живыми коллегами в реальной работе? Почему?","ы"
2026-01-10T19:27:47.407Z,P_1767970855077_u9djzo2cb,odd,post_even_q1,"Как вы оцениваете эффективность работы с ИИ-помощником?","Очень эффективно"
2026-01-10T19:27:47.409Z,P_1767970855077_u9djzo2cb,odd,post_even_q2,"Насколько точными были советы, которые давал ИИ?","Очень точные"
2026-01-10T19:27:47.409Z,P_1767970855077_u9djzo2cb,odd,post_even_q3,"Как вы оцениваете автономную работу ИИ (когда он сам решал тикеты)?","Плохо"
2026-01-10T19:27:47.410Z,P_1767970855077_u9djzo2cb,odd,post_even_q4,"Что бы вы улучшили в работе ИИ-помощника?","Не указано"
2026-01-10T19:27:47.410Z,P_1767970855077_u9djzo2cb,odd,post_even_q5,"Предпочли бы вы работать с ИИ или с живыми коллегами в реальной работе? Почему?","m"
2026-01-10T19:29:34.784Z,P_1767970855077_u9djzo2cb,odd,post_even_q1,"Как вы оцениваете эффективность работы с ИИ-помощником?","Нейтрально"
2026-01-10T19:29:34.785Z,P_1767970855077_u9djzo2cb,odd,post_even_q2,"Насколько точными были советы, которые давал ИИ?","Совсем неточные"
2026-01-10T19:29:34.786Z,P_1767970855077_u9djzo2cb,odd,post_even_q3,"Как вы оцениваете автономную работу ИИ (когда он сам решал тикеты)?","Удовлетворительно"
2026-01-10T19:29:34.786Z,P_1767970855077_u9djzo2cb,odd,post_even_q4,"Что бы вы улучшили в работе ИИ-помощника?","Не указано"
2026-01-10T19:29:34.786Z,P_1767970855077_u9djzo2cb,odd,post_even_q5,"Предпочли бы вы работать с ИИ или с живыми коллегами в реальной работе? Почему?",";;"
2026-01-10T19:30:00.344Z,P_1767970855077_u9djzo2cb,odd,post_odd_q1,"Как вы оцениваете эффективность работы в команде с коллегами?","Очень эффективно"
2026-01-10T19:30:00.344Z,P_1767970855077_u9djzo2cb,odd,post_odd_q2,"Насколько коллеги были отзывчивы и готовы помочь?","Отзывчивы"
2026-01-10T19:30:00.344Z,P_1767970855077_u9djzo2cb,odd,post_odd_q3,"Как вы оцениваете качество решений, которые предлагали коллеги?","Плохое"
2026-01-10T19:30:00.344Z,P_1767970855077_u9djzo2cb,odd,post_odd_q4,"Что бы вы улучшили в системе взаимодействия с коллегами?","Не указано"
2026-01-10T19:30:00.345Z,P_1767970855077_u9djzo2cb,odd,post_odd_q5,"Предпочли бы вы работать с живыми коллегами или с ИИ в реальной работе? Почему?","kk"
2026-01-10T19:55:46.432Z,P_1767970855077_u9djzo2cb,odd,post_even_q1,"Как вы оцениваете эффективность работы с ИИ-помощником?","Эффективно"
2026-01-10T19:55:46.433Z,P_1767970855077_u9djzo2cb,odd,post_even_q2,"Насколько точными были советы, которые давал ИИ?","Очень точные"
2026-01-10T19:55:46.433Z,P_1767970855077_u9djzo2cb,odd,post_even_q3,"Как вы оцениваете автономную работу ИИ (когда он сам решал тикеты)?","Отлично"
2026-01-10T19:55:46.433Z,P_1767970855077_u9djzo2cb,odd,post_even_q4,"Что бы вы улучшили в работе ИИ-помощника?","Не указано"
2026-01-10T19:55:46.433Z,P_1767970855077_u9djzo2cb,odd,post_even_q5,"Предпочли бы вы работать с ИИ или с живыми коллегами в реальной работе? Почему?","ööö"
2026-01-10T19:57:22.939Z,P_1767970855077_u9djzo2cb,odd,post_even_q1,"Как вы оцениваете эффективность работы с ИИ-помощником?","Совсем неэффективно"
2026-01-10T19:57:22.940Z,P_1767970855077_u9djzo2cb,odd,post_even_q2,"Насколько точными были советы, которые давал ИИ?","Очень точные"
2026-01-10T19:57:22.940Z,P_1767970855077_u9djzo2cb,odd,post_even_q3,"Как вы оцениваете автономную работу ИИ (когда он сам решал тикеты)?","Хорошо"
2026-01-10T19:57:22.941Z,P_1767970855077_u9djzo2cb,odd,post_even_q4,"Что бы вы улучшили в работе ИИ-помощника?","Не указано"
2026-01-10T19:57:22.941Z,P_1767970855077_u9djzo2cb,odd,post_even_q5,"Предпочли бы вы работать с ИИ или с живыми коллегами в реальной работе? Почему?","öle"
2026-01-10T19:57:58.806Z,P_1767970855077_u9djzo2cb,even,post_even_q1,"Как вы оцениваете эффективность работы с ИИ-помощником?","Нейтрально"
2026-01-10T19:57:58.806Z,P_1767970855077_u9djzo2cb,even,post_even_q2,"Насколько точными были советы, которые давал ИИ?","Неточные"
2026-01-10T19:57:58.807Z,P_1767970855077_u9djzo2cb,even,post_even_q3,"Как вы оцениваете автономную работу ИИ (когда он сам решал тикеты)?","Удовлетворительно"
2026-01-10T19:57:58.807Z,P_1767970855077_u9djzo2cb,even,post_even_q4,"Что бы вы улучшили в работе ИИ-помощника?","Не указано"
2026-01-10T19:57:58.807Z,P_1767970855077_u9djzo2cb,even,post_even_q5,"Предпочли бы вы работать с ИИ или с живыми коллегами в реальной работе? Почему?","bb"
2026-01-10T20:13:06.904Z,P_1767970855077_u9djzo2cb,even,post_odd_q1,"Как вы оцениваете эффективность работы в команде с коллегами?","Эффективно"
2026-01-10T20:13:06.906Z,P_1767970855077_u9djzo2cb,even,post_odd_q2,"Насколько коллеги были отзывчивы и готовы помочь?","Не очень отзывчивы"
2026-01-10T20:13:06.907Z,P_1767970855077_u9djzo2cb,even,post_odd_q3,"Как вы оцениваете качество решений, которые предлагали коллеги?","Отличное"
2026-01-10T20:13:06.907Z,P_1767970855077_u9djzo2cb,even,post_odd_q4,"Что бы вы улучшили в системе взаимодействия с коллегами?","Не указано"
2026-01-10T20:13:06.907Z,P_1767970855077_u9djzo2cb,even,post_odd_q5,"Предпочли бы вы работать с живыми коллегами или с ИИ в реальной работе? Почему?","a"
2026-01-10T20:15:07.037Z,P_1767970855077_u9djzo2cb,odd,post_odd_q1,"Как вы оцениваете эффективность работы в команде с коллегами?","Эффективно"
2026-01-10T20:15:07.038Z,P_1767970855077_u9djzo2cb,odd,post_odd_q2,"Насколько коллеги были отзывчивы и готовы помочь?","Очень отзывчивы"
2026-01-10T20:15:07.039Z,P_1767970855077_u9djzo2cb,odd,post_odd_q3,"Как вы оцениваете качество решений, которые предлагали коллеги?","Плохое"
2026-01-10T20:15:07.039Z,P_1767970855077_u9djzo2cb,odd,post_odd_q4,"Что бы вы улучшили в системе взаимодействия с коллегами?","Не указано"
2026-01-10T20:15:07.039Z,P_1767970855077_u9djzo2cb,odd,post_odd_q5,"Предпочли бы вы работать с живыми коллегами или с ИИ в реальной работе? Почему?","o"
2026-01-10T20:15:45.754Z,P_1767970855077_u9djzo2cb,even,post_even_q1,"Как вы оцениваете эффективность работы с ИИ-помощником?","Эффективно"
2026-01-10T20:15:45.755Z,P_1767970855077_u9djzo2cb,even,post_even_q2,"Насколько точными были советы, которые давал ИИ?","Достаточно точные"
2026-01-10T20:15:45.756Z,P_1767970855077_u9djzo2cb,even,post_even_q3,"Как вы оцениваете автономную работу ИИ (когда он сам решал тикеты)?","Плохо"
2026-01-10T20:15:45.756Z,P_1767970855077_u9djzo2cb,even,post_even_q4,"Что бы вы улучшили в работе ИИ-помощника?","Не указано"
2026-01-10T20:15:45.756Z,P_1767970855077_u9djzo2cb,even,post_even_q5,"Предпочли бы вы работать с ИИ или с живыми коллегами в реальной работе? Почему?","kk"
2026-01-10T20:16:16.367Z,P_1767970855077_u9djzo2cb,odd,post_even_q1,"Как вы оцениваете эффективность работы с ИИ-помощником?","Неэффективно"
2026-01-10T20:16:16.368Z,P_1767970855077_u9djzo2cb,odd,post_even_q2,"Насколько точными были советы, которые давал ИИ?","Очень точные"
2026-01-10T20:16:16.369Z,P_1767970855077_u9djzo2cb,odd,post_even_q3,"Как вы оцениваете автономную работу ИИ (когда он сам решал тикеты)?","Плохо"
2026-01-10T20:16:16.369Z,P_1767970855077_u9djzo2cb,odd,post_even_q4,"Что бы вы улучшили в работе ИИ-помощника?","Не указано"
2026-01-10T20:16:16.369Z,P_1767970855077_u9djzo2cb,odd,post_even_q5,"Предпочли бы вы работать с ИИ или с живыми коллегами в реальной работе? Почему?","mm"
2026-01-10T21:18:40.139Z,P_1767970855077_u9djzo2cb,odd,post_even_q1,"Как вы оцениваете эффективность работы с ИИ-помощником?","Очень эффективно"
2026-01-10T21:18:40.140Z,P_1767970855077_u9djzo2cb,odd,post_even_q2,"Насколько точными были советы, которые давал ИИ?","Достаточно точные"
2026-01-10T21:18:40.141Z,P_1767970855077_u9djzo2cb,odd,post_even_q3,"Как вы оцениваете автономную работу ИИ (когда он сам решал тикеты)?","Хорошо"
2026-01-10T21:18:40.141Z,P_1767970855077_u9djzo2cb,odd,post_even_q4,"Что бы вы улучшили в работе ИИ-помощника?","Not specified"
2026-01-10T21:18:40.141Z,P_1767970855077_u9djzo2cb,odd,post_even_q5,"Предпочли бы вы работать с ИИ или с живыми коллегами в реальной работе? Почему?","ддд"
2026-01-10T21:50:02.753Z,P_1767970855077_u9djzo2cb,odd,post_odd_q1,"Как вы оцениваете эффективность работы в команде с коллегами?","Очень эффективно"
2026-01-10T21:50:02.754Z,P_1767970855077_u9djzo2cb,odd,post_odd_q2,"Насколько коллеги были отзывчивы и готовы помочь?","Отзывчивы"
2026-01-10T21:50:02.755Z,P_1767970855077_u9djzo2cb,odd,post_odd_q3,"Как вы оцениваете качество решений, которые предлагали коллеги?","Отличное"
2026-01-10T21:50:02.755Z,P_1767970855077_u9djzo2cb,odd,post_odd_q4,"Что бы вы улучшили в системе взаимодействия с коллегами?","Not specified"
2026-01-10T21:50:02.755Z,P_1767970855077_u9djzo2cb,odd,post_odd_q5,"Предпочли бы вы работать с живыми коллегами или с ИИ в реальной работе? Почему?","a"
2026-01-10T21:53:12.839Z,P_1767970855077_u9djzo2cb,odd,post_even_q1,"Как вы оцениваете эффективность работы с ИИ-помощником?","Нейтрально"
2026-01-10T21:53:12.840Z,P_1767970855077_u9djzo2cb,odd,post_even_q2,"Насколько точными были советы, которые давал ИИ?","Неточные"
2026-01-10T21:53:12.840Z,P_1767970855077_u9djzo2cb,odd,post_even_q3,"Как вы оцениваете автономную работу ИИ (когда он сам решал тикеты)?","Удовлетворительно"
2026-01-10T21:53:12.840Z,P_1767970855077_u9djzo2cb,odd,post_even_q4,"Что бы вы улучшили в работе ИИ-помощника?","Not specified"
2026-01-10T21:53:12.841Z,P_1767970855077_u9djzo2cb,odd,post_even_q5,"Предпочли бы вы работать с ИИ или с живыми коллегами в реальной работе? Почему?","n"
2026-01-10T22:00:58.407Z,P_1767970855077_u9djzo2cb,odd,post_odd_q1,"Как вы оцениваете эффективность работы в команде с коллегами?","Очень эффективно"
2026-01-10T22:00:58.408Z,P_1767970855077_u9djzo2cb,odd,post_odd_q2,"Насколько коллеги были отзывчивы и готовы помочь?","Очень отзывчивы"
2026-01-10T22:00:58.408Z,P_1767970855077_u9djzo2cb,odd,post_odd_q3,"Как вы оцениваете качество решений, которые предлагали коллеги?","Отличное"
2026-01-10T22:00:58.408Z,P_1767970855077_u9djzo2cb,odd,post_odd_q4,"Что бы вы улучшили в системе взаимодействия с коллегами?","Not specified"
2026-01-10T22:00:58.408Z,P_1767970855077_u9djzo2cb,odd,post_odd_q5,"Предпочли бы вы работать с живыми коллегами или с ИИ в реальной работе? Почему?","лллл"
2026-01-10T22:36:47.502Z,P_1768082976943_x4w69qne4,even,post_even_q1,"Как вы оцениваете эффективность работы с ИИ-помощником?","Нейтрально"
2026-01-10T22:36:47.504Z,P_1768082976943_x4w69qne4,even,post_even_q2,"Насколько точными были советы, которые давал ИИ?","Очень точные"
2026-01-10T22:36:47.504Z,P_1768082976943_x4w69qne4,even,post_even_q3,"Как вы оцениваете автономную работу ИИ (когда он сам решал тикеты)?","Отлично"
2026-01-10T22:36:47.505Z,P_1768082976943_x4w69qne4,even,post_even_q4,"Что бы вы улучшили в работе ИИ-помощника?","Not specified"
2026-01-10T22:36:47.505Z,P_1768082976943_x4w69qne4,even,post_even_q5,"Предпочли бы вы работать с ИИ или с живыми коллегами в реальной работе? Почему?","k"
2026-01-10T22:37:13.584Z,P_1768082976943_x4w69qne4,even,post_even_q1,"Как вы оцениваете эффективность работы с ИИ-помощником?","Нейтрально"
2026-01-10T22:37:13.585Z,P_1768082976943_x4w69qne4,even,post_even_q2,"Насколько точными были советы, которые давал ИИ?","Средней точности"
2026-01-10T22:37:13.585Z,P_1768082976943_x4w69qne4,even,post_even_q3,"Как вы оцениваете автономную работу ИИ (когда он сам решал тикеты)?","Плохо"
2026-01-10T22:37:13.586Z,P_1768082976943_x4w69qne4,even,post_even_q4,"Что бы вы улучшили в работе ИИ-помощника?","Not specified"
2026-01-10T22:37:13.586Z,P_1768082976943_x4w69qne4,even,post_even_q5,"Предпочли бы вы работать с ИИ или с живыми коллегами в реальной работе? Почему?","k"
2026-01-10T22:38:59.955Z,P_1768082976943_x4w69qne4,even,post_even_q1,"Как вы оцениваете эффективность работы с ИИ-помощником?","Нейтрально"
2026-01-10T22:38:59.957Z,P_1768082976943_x4w69qne4,even,post_even_q2,"Насколько точными были советы, которые давал ИИ?","Средней точности"
2026-01-10T22:38:59.957Z,P_1768082976943_x4w69qne4,even,post_even_q3,"Как вы оцениваете автономную работу ИИ (когда он сам решал тикеты)?","Очень плохо"
2026-01-10T22:38:59.958Z,P_1768082976943_x4w69qne4,even,post_even_q4,"Что бы вы улучшили в работе ИИ-помощника?","Not specified"
2026-01-10T22:38:59.958Z,P_1768082976943_x4w69qne4,even,post_even_q5,"Предпочли бы вы работать с ИИ или с живыми коллегами в реальной работе? Почему?","n"
2026-01-10T22:40:27.972Z,P_1768082976943_x4w69qne4,even,post_even_q1,"Как вы оцениваете эффективность работы с ИИ-помощником?","Совсем неэффективно"
2026-01-10T22:40:27.974Z,P_1768082976943_x4w69qne4,even,post_even_q2,"Насколько точными были советы, которые давал ИИ?","Совсем неточные"
2026-01-10T22:40:27.975Z,P_1768082976943_x4w69qne4,even,post_even_q3,"Как вы оцениваете автономную работу ИИ (когда он сам решал тикеты)?","Плохо"
2026-01-10T22:40:27.975Z,P_1768082976943_x4w69qne4,even,post_even_q4,"Что бы вы улучшили в работе ИИ-помощника?","Not specified"
2026-01-10T22:40:27.975Z,P_1768082976943_x4w69qne4,even,post_even_q5,"Предпочли бы вы работать с ИИ или с живыми коллегами в реальной работе? Почему?","aa"
2026-01-10T22:42:33.117Z,P_1768082976943_x4w69qne4,even,post_even_q1,"Как вы оцениваете эффективность работы с ИИ-помощником?","Совсем неэффективно"
2026-01-10T22:42:33.117Z,P_1768082976943_x4w69qne4,even,post_even_q2,"Насколько точными были советы, которые давал ИИ?","Not specified"
2026-01-10T22:42:33.117Z,P_1768082976943_x4w69qne4,even,post_even_q3,"Как вы оцениваете автономную работу ИИ (когда он сам решал тикеты)?","Not specified"
2026-01-10T22:42:33.117Z,P_1768082976943_x4w69qne4,even,post_even_q4,"Что бы вы улучшили в работе ИИ-помощника?","Not specified"
2026-01-10T22:42:33.117Z,P_1768082976943_x4w69qne4,even,post_even_q5,"Предпочли бы вы работать с ИИ или с живыми коллегами в реальной работе? Почему?","Not specified"
2026-01-10T22:42:42.862Z,P_1768082976943_x4w69qne4,even,post_even_q1,"Как вы оцениваете эффективность работы с ИИ-помощником?","Not specified"
2026-01-10T22:42:42.863Z,P_1768082976943_x4w69qne4,even,post_even_q2,"Насколько точными были советы, которые давал ИИ?","Not specified"
2026-01-10T22:42:42.863Z,P_1768082976943_x4w69qne4,even,post_even_q3,"Как вы оцениваете автономную работу ИИ (когда он сам решал тикеты)?","Not specified"
2026-01-10T22:42:42.864Z,P_1768082976943_x4w69qne4,even,post_even_q4,"Что бы вы улучшили в работе ИИ-помощника?","Not specified"
2026-01-10T22:42:42.864Z,P_1768082976943_x4w69qne4,even,post_even_q5,"Предпочли бы вы работать с ИИ или с живыми коллегами в реальной работе? Почему?","Not specified"
2026-01-10T22:43:25.417Z,P_1768082976943_x4w69qne4,even,post_even_q1,"Как вы оцениваете эффективность работы с ИИ-помощником?","Not specified"
2026-01-10T22:43:25.418Z,P_1768082976943_x4w69qne4,even,post_even_q2,"Насколько точными были советы, которые давал ИИ?","Not specified"
2026-01-10T22:43:25.418Z,P_1768082976943_x4w69qne4,even,post_even_q3,"Как вы оцениваете автономную работу ИИ (когда он сам решал тикеты)?","Not specified"
2026-01-10T22:43:25.418Z,P_1768082976943_x4w69qne4,even,post_even_q4,"Что бы вы улучшили в работе ИИ-помощника?","Not specified"
2026-01-10T22:43:25.419Z,P_1768082976943_x4w69qne4,even,post_even_q5,"Предпочли бы вы работать с ИИ или с живыми коллегами в реальной работе? Почему?","Not specified"
2026-01-13T15:19:37.595Z,P_1767970855077_u9djzo2cb,even,post_even_q1,"Как вы оцениваете эффективность работы с ИИ-помощником?","Not specified"
2026-01-13T15:19:37.600Z,P_1767970855077_u9djzo2cb,even,post_even_q2,"Насколько точными были советы, которые давал ИИ?","Not specified"
2026-01-13T15:19:37.601Z,P_1767970855077_u9djzo2cb,even,post_even_q3,"Как вы оцениваете автономную работу ИИ (когда он сам решал тикеты)?","Not specified"
2026-01-13T15:19:37.601Z,P_1767970855077_u9djzo2cb,even,post_even_q4,"Что бы вы улучшили в работе ИИ-помощника?","Not specified"
2026-01-13T15:19:37.601Z,P_1767970855077_u9djzo2cb,even,post_even_q5,"Предпочли бы вы работать с ИИ или с живыми коллегами в реальной работе? Почему?","Not specified"
2026-01-13T15:50:40.624Z,P_1767970855077_u9djzo2cb,odd,post_odd_q1,"Как вы оцениваете эффективность работы в команде с коллегами?","Not specified"
2026-01-13T15:50:40.625Z,P_1767970855077_u9djzo2cb,odd,post_odd_q2,"Насколько коллеги были отзывчивы и готовы помочь?","Not specified"
2026-01-13T15:50:40.626Z,P_1767970855077_u9djzo2cb,odd,post_odd_q3,"Как вы оцениваете качество решений, которые предлагали коллеги?","Not specified"
2026-01-13T15:50:40.626Z,P_1767970855077_u9djzo2cb,odd,post_odd_q4,"Что бы вы улучшили в системе взаимодействия с коллегами?","Not specified"
2026-01-13T15:50:40.626Z,P_1767970855077_u9djzo2cb,odd,post_odd_q5,"Предпочли бы вы работать с живыми коллегами или с ИИ в реальной работе? Почему?","б"
2026-01-14T10:16:15.657Z,P_1767970855077_u9djzo2cb,odd,post_odd_q1,"Как вы оцениваете эффективность работы в команде с коллегами?","Not specified"
2026-01-14T10:16:15.660Z,P_1767970855077_u9djzo2cb,odd,post_odd_q2,"Насколько коллеги были отзывчивы и готовы помочь?","Not specified"
2026-01-14T10:16:15.661Z,P_1767970855077_u9djzo2cb,odd,post_odd_q3,"Как вы оцениваете качество решений, которые предлагали коллеги?","Not specified"
2026-01-14T10:16:15.661Z,P_1767970855077_u9djzo2cb,odd,post_odd_q4,"Что бы вы улучшили в системе взаимодействия с коллегами?","Not specified"
2026-01-14T10:16:15.661Z,P_1767970855077_u9djzo2cb,odd,post_odd_q5,"Предпочли бы вы работать с живыми коллегами или с ИИ в реальной работе? Почему?","q"
2026-01-14T10:18:42.128Z,P_1767970855077_u9djzo2cb,odd,post_odd_q1,"Как вы оцениваете эффективность работы в команде с коллегами?","Not specified"
2026-01-14T10:18:42.129Z,P_1767970855077_u9djzo2cb,odd,post_odd_q2,"Насколько коллеги были отзывчивы и готовы помочь?","Not specified"
2026-01-14T10:18:42.129Z,P_1767970855077_u9djzo2cb,odd,post_odd_q3,"Как вы оцениваете качество решений, которые предлагали коллеги?","Not specified"
2026-01-14T10:18:42.130Z,P_1767970855077_u9djzo2cb,odd,post_odd_q4,"Что бы вы улучшили в системе взаимодействия с коллегами?","Not specified"
2026-01-14T10:18:42.130Z,P_1767970855077_u9djzo2cb,odd,post_odd_q5,"Предпочли бы вы работать с живыми коллегами или с ИИ в реальной работе? Почему?","q"
2026-01-14T10:22:36.067Z,P_1767970855077_u9djzo2cb,odd,post_even_q1,"Как вы оцениваете эффективность работы с ИИ-помощником?","Not specified"
2026-01-14T10:22:36.069Z,P_1767970855077_u9djzo2cb,odd,post_even_q2,"Насколько точными были советы, которые давал ИИ?","Not specified"
2026-01-14T10:22:36.070Z,P_1767970855077_u9djzo2cb,odd,post_even_q3,"Как вы оцениваете автономную работу ИИ (когда он сам решал тикеты)?","Not specified"
2026-01-14T10:22:36.070Z,P_1767970855077_u9djzo2cb,odd,post_even_q4,"Что бы вы улучшили в работе ИИ-помощника?","Not specified"
2026-01-14T10:22:36.070Z,P_1767970855077_u9djzo2cb,odd,post_even_q5,"Предпочли бы вы работать с ИИ или с живыми коллегами в реальной работе? Почему?","Not specified"
2026-01-30T12:34:03.597Z,P_1767970855077_u9djzo2cb,even,post_even_q1,"How effective did AI Assistant work?","Not specified"
2026-01-30T12:34:03.600Z,P_1767970855077_u9djzo2cb,even,post_even_q2,"What AI mode did you select in the beginning?","Not specified"
2026-01-30T12:34:03.601Z,P_1767970855077_u9djzo2cb,even,post_even_q3,"Did you change your AI Mode during the experiment?","Not specified"
2026-01-30T12:34:03.601Z,P_1767970855077_u9djzo2cb,even,post_even_q4,"If you used normal mode, how ofen did you use the help of the AI Bot?","Not specified"
2026-01-30T12:34:03.601Z,P_1767970855077_u9djzo2cb,even,post_even_q5,"Did you loose trust in the AI Bot, when you saw it err?","Not specified"
2026-01-30T12:34:03.602Z,P_1767970855077_u9djzo2cb,even,post_even_q6,"Did you feel more confidence when working with the AI Bot?","Not specified"
2026-01-30T12:34:03.602Z,P_1767970855077_u9djzo2cb,even,post_even_q7,"Woul you feel more confident with an real colleagues rather than AI?","Not specified"
2026-01-30T12:34:03.602Z,P_1767970855077_u9djzo2cb,even,post_even_q8,"How did you feel when there was no reaction to the AI Bot during ciritical tickets?","Not specified"
2026-01-30T12:34:03.603Z,P_1767970855077_u9djzo2cb,even,post_even_q9,"Did you also not react to critical tickets just like the AI Bot?","Not specified"
2026-01-30T12:34:03.603Z,P_1767970855077_u9djzo2cb,even,post_even_q10,"'If the AI Bot is here, I don't need to worry about anything', did you have such thoughts?","Not specified"
2026-01-30T12:34:03.603Z,P_1767970855077_u9djzo2cb,even,post_even_q11,"General remarks","Not specified"
2026-01-30T13:58:04.753Z,P_1767970855077_u9djzo2cb,even,post_even_q1,"How effective did AI Assistant work?","Not specified"
2026-01-30T13:58:04.755Z,P_1767970855077_u9djzo2cb,even,post_even_q2,"What AI mode did you select in the beginning?","Not specified"
2026-01-30T13:58:04.756Z,P_1767970855077_u9djzo2cb,even,post_even_q3,"Did you change your AI Mode during the experiment?","Not specified"
2026-01-30T13:58:04.756Z,P_1767970855077_u9djzo2cb,even,post_even_q4,"If you used normal mode, how ofen did you use the help of the AI Bot?","Not specified"
2026-01-30T13:58:04.756Z,P_1767970855077_u9djzo2cb,even,post_even_q5,"Did you loose trust in the AI Bot, when you saw it err?","Not specified"
2026-01-30T13:58:04.757Z,P_1767970855077_u9djzo2cb,even,post_even_q6,"Did you feel more confidence when working with the AI Bot?","Not specified"
2026-01-30T13:58:04.757Z,P_1767970855077_u9djzo2cb,even,post_even_q7,"Woul you feel more confident with an real colleagues rather than AI?","Not specified"
2026-01-30T13:58:04.757Z,P_1767970855077_u9djzo2cb,even,post_even_q8,"How did you feel when there was no reaction to the AI Bot during ciritical tickets?","Not specified"
2026-01-30T13:58:04.757Z,P_1767970855077_u9djzo2cb,even,post_even_q9,"Did you also not react to critical tickets just like the AI Bot?","Not specified"
2026-01-30T13:58:04.757Z,P_1767970855077_u9djzo2cb,even,post_even_q10,"'If the AI Bot is here, I don't need to worry about anything', did you have such thoughts?","Not specified"
2026-01-30T13:58:04.757Z,P_1767970855077_u9djzo2cb,even,post_even_q11,"General remarks","Not specified"
2026-01-31T13:59:50.359Z,P_1767970855077_u9djzo2cb,even,post_even_q1,"How effective did AI Assistant work?","Not specified"
2026-01-31T13:59:50.361Z,P_1767970855077_u9djzo2cb,even,post_even_q2,"What AI mode did you select in the beginning?","Not specified"
2026-01-31T13:59:50.361Z,P_1767970855077_u9djzo2cb,even,post_even_q3,"Did you change your AI Mode during the experiment?","Not specified"
2026-01-31T13:59:50.361Z,P_1767970855077_u9djzo2cb,even,post_even_q4,"If you used normal mode, how ofen did you use the help of the AI Bot?","Not specified"
2026-01-31T13:59:50.361Z,P_1767970855077_u9djzo2cb,even,post_even_q5,"Did you loose trust in the AI Bot, when you saw it err?","Not specified"
2026-01-31T13:59:50.362Z,P_1767970855077_u9djzo2cb,even,post_even_q6,"Did you feel more confidence when working with the AI Bot?","Not specified"
2026-01-31T13:59:50.362Z,P_1767970855077_u9djzo2cb,even,post_even_q7,"Woul you feel more confident with an real colleagues rather than AI?","Not specified"
2026-01-31T13:59:50.362Z,P_1767970855077_u9djzo2cb,even,post_even_q8,"How did you feel when there was no reaction to the AI Bot during ciritical tickets?","Not specified"
2026-01-31T13:59:50.362Z,P_1767970855077_u9djzo2cb,even,post_even_q9,"Did you also not react to critical tickets just like the AI Bot?","Not specified"
2026-01-31T13:59:50.362Z,P_1767970855077_u9djzo2cb,even,post_even_q10,"'If the AI Bot is here, I don't need to worry about anything', did you have such thoughts?","Not specified"
2026-01-31T13:59:50.362Z,P_1767970855077_u9djzo2cb,even,post_even_q11,"General remarks","Not specified"
2026-01-31T14:00:36.345Z,P_1767970855077_u9djzo2cb,even,post_odd_q1,"How effective did colleagues work?","Not specified"
2026-01-31T14:00:36.346Z,P_1767970855077_u9djzo2cb,even,post_odd_q2,"How often did you delegate task to you colleagues?","Not specified"
2026-01-31T14:00:36.347Z,P_1767970855077_u9djzo2cb,even,post_odd_q3,"Did you feel more confidence when working with colleagues?","Not specified"
2026-01-31T14:00:36.347Z,P_1767970855077_u9djzo2cb,even,post_odd_q4,"Which type of colleague did you delegate tasks to?","Not specified"
2026-01-31T14:00:36.347Z,P_1767970855077_u9djzo2cb,even,post_odd_q5,"Do you think you would feel even more confident if there were even more colleauges during the shif?","Not specified"
2026-01-31T14:00:36.347Z,P_1767970855077_u9djzo2cb,even,post_odd_q6,"Did you loose trust in colleagues, when you saw them err?","Not specified"
2026-01-31T14:00:36.348Z,P_1767970855077_u9djzo2cb,even,post_odd_q7,"'If colleagues are here, I don't need to worry about anything', did you have such thoughts?","Not specified"
2026-01-31T14:00:36.348Z,P_1767970855077_u9djzo2cb,even,post_odd_q8,"How did you feel when there were no colleagues during ciritical tickets?","Not specified"
2026-01-31T14:00:36.348Z,P_1767970855077_u9djzo2cb,even,post_odd_q9,"Did you also not react to critical tickets just like colleagues?","Not specified"
2026-01-31T14:00:36.348Z,P_1767970855077_u9djzo2cb,even,post_odd_q10,"Woul you feel more confident with an AI Bot rather than colleagues?","Not specified"
2026-01-31T14:00:36.349Z,P_1767970855077_u9djzo2cb,even,post_odd_q11,"General remarks","Not specified"
2026-01-31T14:01:04.805Z,P_1767970855077_u9djzo2cb,even,post_even_q1,"How effective did AI Assistant work?","Not specified"
2026-01-31T14:01:04.806Z,P_1767970855077_u9djzo2cb,even,post_even_q2,"What AI mode did you select in the beginning?","Not specified"
2026-01-31T14:01:04.807Z,P_1767970855077_u9djzo2cb,even,post_even_q3,"Did you change your AI Mode during the experiment?","Not specified"
2026-01-31T14:01:04.807Z,P_1767970855077_u9djzo2cb,even,post_even_q4,"If you used normal mode, how ofen did you use the help of the AI Bot?","Not specified"
2026-01-31T14:01:04.807Z,P_1767970855077_u9djzo2cb,even,post_even_q5,"Did you loose trust in the AI Bot, when you saw it err?","Not specified"
2026-01-31T14:01:04.807Z,P_1767970855077_u9djzo2cb,even,post_even_q6,"Did you feel more confidence when working with the AI Bot?","Not specified"
2026-01-31T14:01:04.807Z,P_1767970855077_u9djzo2cb,even,post_even_q7,"Woul you feel more confident with an real colleagues rather than AI?","Not specified"
2026-01-31T14:01:04.808Z,P_1767970855077_u9djzo2cb,even,post_even_q8,"How did you feel when there was no reaction to the AI Bot during ciritical tickets?","Not specified"
2026-01-31T14:01:04.808Z,P_1767970855077_u9djzo2cb,even,post_even_q9,"Did you also not react to critical tickets just like the AI Bot?","Not specified"
2026-01-31T14:01:04.808Z,P_1767970855077_u9djzo2cb,even,post_even_q10,"'If the AI Bot is here, I don't need to worry about anything', did you have such thoughts?","Not specified"
2026-01-31T14:01:04.808Z,P_1767970855077_u9djzo2cb,even,post_even_q11,"General remarks","Not specified"
2026-01-31T14:01:23.665Z,P_1767970855077_u9djzo2cb,odd,post_odd_q1,"How effective did colleagues work?","Not specified"
2026-01-31T14:01:23.666Z,P_1767970855077_u9djzo2cb,odd,post_odd_q2,"How often did you delegate task to you colleagues?","Not specified"
2026-01-31T14:01:23.666Z,P_1767970855077_u9djzo2cb,odd,post_odd_q3,"Did you feel more confidence when working with colleagues?","Not specified"
2026-01-31T14:01:23.667Z,P_1767970855077_u9djzo2cb,odd,post_odd_q4,"Which type of colleague did you delegate tasks to?","Not specified"
2026-01-31T14:01:23.667Z,P_1767970855077_u9djzo2cb,odd,post_odd_q5,"Do you think you would feel even more confident if there were even more colleauges during the shif?","Not specified"
2026-01-31T14:01:23.667Z,P_1767970855077_u9djzo2cb,odd,post_odd_q6,"Did you loose trust in colleagues, when you saw them err?","Not specified"
2026-01-31T14:01:23.667Z,P_1767970855077_u9djzo2cb,odd,post_odd_q7,"'If colleagues are here, I don't need to worry about anything', did you have such thoughts?","Not specified"
2026-01-31T14:01:23.667Z,P_1767970855077_u9djzo2cb,odd,post_odd_q8,"How did you feel when there were no colleagues during ciritical tickets?","Not specified"
2026-01-31T14:01:23.668Z,P_1767970855077_u9djzo2cb,odd,post_odd_q9,"Did you also not react to critical tickets just like colleagues?","Not specified"
2026-01-31T14:01:23.668Z,P_1767970855077_u9djzo2cb,odd,post_odd_q10,"Woul you feel more confident with an AI Bot rather than colleagues?","Not specified"
2026-01-31T14:01:23.668Z,P_1767970855077_u9djzo2cb,odd,post_odd_q11,"General remarks","Not specified"
2026-01-31T14:02:39.940Z,P_1767970855077_u9djzo2cb,odd,post_even_q1,"How effective did AI Assistant work?","Not specified"
2026-01-31T14:02:39.942Z,P_1767970855077_u9djzo2cb,odd,post_even_q2,"What AI mode did you select in the beginning?","Not specified"
2026-01-31T14:02:39.942Z,P_1767970855077_u9djzo2cb,odd,post_even_q3,"Did you change your AI Mode during the experiment?","Not specified"
2026-01-31T14:02:39.942Z,P_1767970855077_u9djzo2cb,odd,post_even_q4,"If you used normal mode, how ofen did you use the help of the AI Bot?","Not specified"
2026-01-31T14:02:39.943Z,P_1767970855077_u9djzo2cb,odd,post_even_q5,"Did you loose trust in the AI Bot, when you saw it err?","Not specified"
2026-01-31T14:02:39.943Z,P_1767970855077_u9djzo2cb,odd,post_even_q6,"Did you feel more confidence when working with the AI Bot?","Not specified"
2026-01-31T14:02:39.944Z,P_1767970855077_u9djzo2cb,odd,post_even_q7,"Woul you feel more confident with an real colleagues rather than AI?","Not specified"
2026-01-31T14:02:39.944Z,P_1767970855077_u9djzo2cb,odd,post_even_q8,"How did you feel when there was no reaction to the AI Bot during ciritical tickets?","Not specified"
2026-01-31T14:02:39.944Z,P_1767970855077_u9djzo2cb,odd,post_even_q9,"Did you also not react to critical tickets just like the AI Bot?","Not specified"
2026-01-31T14:02:39.944Z,P_1767970855077_u9djzo2cb,odd,post_even_q10,"'If the AI Bot is here, I don't need to worry about anything', did you have such thoughts?","Not specified"
2026-01-31T14:02:39.945Z,P_1767970855077_u9djzo2cb,odd,post_even_q11,"General remarks","Not specified"
2026-01-31T14:04:04.272Z,P_1767970855077_u9djzo2cb,even,post_even_q1,"How effective did AI Assistant work?","Not specified"
2026-01-31T14:04:04.273Z,P_1767970855077_u9djzo2cb,even,post_even_q2,"What AI mode did you select in the beginning?","Not specified"
2026-01-31T14:04:04.273Z,P_1767970855077_u9djzo2cb,even,post_even_q3,"Did you change your AI Mode during the experiment?","Not specified"
2026-01-31T14:04:04.273Z,P_1767970855077_u9djzo2cb,even,post_even_q4,"If you used normal mode, how ofen did you use the help of the AI Bot?","Not specified"
2026-01-31T14:04:04.274Z,P_1767970855077_u9djzo2cb,even,post_even_q5,"Did you loose trust in the AI Bot, when you saw it err?","Not specified"
2026-01-31T14:04:04.274Z,P_1767970855077_u9djzo2cb,even,post_even_q6,"Did you feel more confidence when working with the AI Bot?","Not specified"
2026-01-31T14:04:04.274Z,P_1767970855077_u9djzo2cb,even,post_even_q7,"Woul you feel more confident with an real colleagues rather than AI?","Not specified"
2026-01-31T14:04:04.274Z,P_1767970855077_u9djzo2cb,even,post_even_q8,"How did you feel when there was no reaction to the AI Bot during ciritical tickets?","Not specified"
2026-01-31T14:04:04.275Z,P_1767970855077_u9djzo2cb,even,post_even_q9,"Did you also not react to critical tickets just like the AI Bot?","Not specified"
2026-01-31T14:04:04.275Z,P_1767970855077_u9djzo2cb,even,post_even_q10,"'If the AI Bot is here, I don't need to worry about anything', did you have such thoughts?","Not specified"
2026-01-31T14:04:04.275Z,P_1767970855077_u9djzo2cb,even,post_even_q11,"General remarks","Not specified"
2026-01-31T15:21:23.875Z,P_1767970855077_u9djzo2cb,even,post_even_q1,"How effective did AI Assistant work?","Not specified"
2026-01-31T15:21:23.877Z,P_1767970855077_u9djzo2cb,even,post_even_q2,"What AI mode did you select in the beginning?","Not specified"
2026-01-31T15:21:23.878Z,P_1767970855077_u9djzo2cb,even,post_even_q3,"Did you change your AI Mode during the experiment?","Not specified"
2026-01-31T15:21:23.878Z,P_1767970855077_u9djzo2cb,even,post_even_q4,"If you used normal mode, how ofen did you use the help of the AI Bot?","Not specified"
2026-01-31T15:21:23.879Z,P_1767970855077_u9djzo2cb,even,post_even_q5,"Did you loose trust in the AI Bot, when you saw it err?","Not specified"
2026-01-31T15:21:23.879Z,P_1767970855077_u9djzo2cb,even,post_even_q6,"Did you feel more confidence when working with the AI Bot?","Not specified"
2026-01-31T15:21:23.879Z,P_1767970855077_u9djzo2cb,even,post_even_q7,"Woul you feel more confident with an real colleagues rather than AI?","Not specified"
2026-01-31T15:21:23.879Z,P_1767970855077_u9djzo2cb,even,post_even_q8,"How did you feel when there was no reaction to the AI Bot during ciritical tickets?","Not specified"
2026-01-31T15:21:23.879Z,P_1767970855077_u9djzo2cb,even,post_even_q9,"Did you also not react to critical tickets just like the AI Bot?","Not specified"
2026-01-31T15:21:23.879Z,P_1767970855077_u9djzo2cb,even,post_even_q10,"'If the AI Bot is here, I don't need to worry about anything', did you have such thoughts?","Not specified"
2026-01-31T15:21:23.880Z,P_1767970855077_u9djzo2cb,even,post_even_q11,"General remarks","Not specified"
2026-01-31T15:21:39.093Z,P_1767970855077_u9djzo2cb,odd,post_odd_q1,"How effective did colleagues work?","Not specified"
2026-01-31T15:21:39.094Z,P_1767970855077_u9djzo2cb,odd,post_odd_q2,"How often did you delegate task to you colleagues?","Not specified"
2026-01-31T15:21:39.095Z,P_1767970855077_u9djzo2cb,odd,post_odd_q3,"Did you feel more confidence when working with colleagues?","Not specified"
2026-01-31T15:21:39.095Z,P_1767970855077_u9djzo2cb,odd,post_odd_q4,"Which type of colleague did you delegate tasks to?","Not specified"
2026-01-31T15:21:39.095Z,P_1767970855077_u9djzo2cb,odd,post_odd_q5,"Do you think you would feel even more confident if there were even more colleauges during the shif?","Not specified"
2026-01-31T15:21:39.095Z,P_1767970855077_u9djzo2cb,odd,post_odd_q6,"Did you loose trust in colleagues, when you saw them err?","Not specified"
2026-01-31T15:21:39.095Z,P_1767970855077_u9djzo2cb,odd,post_odd_q7,"'If colleagues are here, I don't need to worry about anything', did you have such thoughts?","Not specified"
2026-01-31T15:21:39.095Z,P_1767970855077_u9djzo2cb,odd,post_odd_q8,"How did you feel when there were no colleagues during ciritical tickets?","Not specified"
2026-01-31T15:21:39.095Z,P_1767970855077_u9djzo2cb,odd,post_odd_q9,"Did you also not react to critical tickets just like colleagues?","Not specified"
2026-01-31T15:21:39.095Z,P_1767970855077_u9djzo2cb,odd,post_odd_q10,"Woul you feel more confident with an AI Bot rather than colleagues?","Not specified"
2026-01-31T15:21:39.095Z,P_1767970855077_u9djzo2cb,odd,post_odd_q11,"General remarks","Not specified"
2026-01-31T15:22:09.289Z,P_1767970855077_u9djzo2cb,even,post_even_q1,"How effective did AI Assistant work?","Not specified"
2026-01-31T15:22:09.290Z,P_1767970855077_u9djzo2cb,even,post_even_q2,"What AI mode did you select in the beginning?","Not specified"
2026-01-31T15:22:09.291Z,P_1767970855077_u9djzo2cb,even,post_even_q3,"Did you change your AI Mode during the experiment?","Not specified"
2026-01-31T15:22:09.291Z,P_1767970855077_u9djzo2cb,even,post_even_q4,"If you used normal mode, how ofen did you use the help of the AI Bot?","Not specified"
2026-01-31T15:22:09.291Z,P_1767970855077_u9djzo2cb,even,post_even_q5,"Did you loose trust in the AI Bot, when you saw it err?","Not specified"
2026-01-31T15:22:09.291Z,P_1767970855077_u9djzo2cb,even,post_even_q6,"Did you feel more confidence when working with the AI Bot?","Not specified"
2026-01-31T15:22:09.291Z,P_1767970855077_u9djzo2cb,even,post_even_q7,"Woul you feel more confident with an real colleagues rather than AI?","Not specified"
2026-01-31T15:22:09.291Z,P_1767970855077_u9djzo2cb,even,post_even_q8,"How did you feel when there was no reaction to the AI Bot during ciritical tickets?","Not specified"
2026-01-31T15:22:09.291Z,P_1767970855077_u9djzo2cb,even,post_even_q9,"Did you also not react to critical tickets just like the AI Bot?","Not specified"
2026-01-31T15:22:09.291Z,P_1767970855077_u9djzo2cb,even,post_even_q10,"'If the AI Bot is here, I don't need to worry about anything', did you have such thoughts?","Not specified"
2026-01-31T15:22:09.292Z,P_1767970855077_u9djzo2cb,even,post_even_q11,"General remarks","Not specified"
2026-01-31T18:15:53.305Z,P_1767970855077_u9djzo2cb,odd,post_even_q1,"How effective did AI Assistant work?","Not specified"
2026-01-31T18:15:53.307Z,P_1767970855077_u9djzo2cb,odd,post_even_q2,"What AI mode did you select in the beginning?","Not specified"
2026-01-31T18:15:53.307Z,P_1767970855077_u9djzo2cb,odd,post_even_q3,"Did you change your AI Mode during the experiment?","Not specified"
2026-01-31T18:15:53.307Z,P_1767970855077_u9djzo2cb,odd,post_even_q4,"If you used normal mode, how ofen did you use the help of the AI Bot?","Not specified"
2026-01-31T18:15:53.308Z,P_1767970855077_u9djzo2cb,odd,post_even_q5,"Did you loose trust in the AI Bot, when you saw it err?","Not specified"
2026-01-31T18:15:53.308Z,P_1767970855077_u9djzo2cb,odd,post_even_q6,"Did you feel more confidence when working with the AI Bot?","Not specified"
2026-01-31T18:15:53.308Z,P_1767970855077_u9djzo2cb,odd,post_even_q7,"Woul you feel more confident with an real colleagues rather than AI?","Not specified"
2026-01-31T18:15:53.308Z,P_1767970855077_u9djzo2cb,odd,post_even_q8,"How did you feel when there was no reaction to the AI Bot during ciritical tickets?","Not specified"
2026-01-31T18:15:53.308Z,P_1767970855077_u9djzo2cb,odd,post_even_q9,"Did you also not react to critical tickets just like the AI Bot?","Not specified"
2026-01-31T18:15:53.309Z,P_1767970855077_u9djzo2cb,odd,post_even_q10,"'If the AI Bot is here, I don't need to worry about anything', did you have such thoughts?","Not specified"
2026-01-31T18:15:53.309Z,P_1767970855077_u9djzo2cb,odd,post_even_q11,"General remarks","Not specified"
2026-01-31T19:05:01.066Z,P_1767970855077_u9djzo2cb,even,post_even_q1,"How effective did AI Assistant work?","Not specified"
2026-01-31T19:05:01.068Z,P_1767970855077_u9djzo2cb,even,post_even_q2,"What AI mode did you select in the beginning?","Not specified"
2026-01-31T19:05:01.068Z,P_1767970855077_u9djzo2cb,even,post_even_q3,"Did you change your AI Mode during the experiment?","Not specified"
2026-01-31T19:05:01.068Z,P_1767970855077_u9djzo2cb,even,post_even_q4,"If you used normal mode, how ofen did you use the help of the AI Bot?","Not specified"
2026-01-31T19:05:01.068Z,P_1767970855077_u9djzo2cb,even,post_even_q5,"Did you loose trust in the AI Bot, when you saw it err?","Not specified"
2026-01-31T19:05:01.069Z,P_1767970855077_u9djzo2cb,even,post_even_q6,"Did you feel more confidence when working with the AI Bot?","Not specified"
2026-01-31T19:05:01.069Z,P_1767970855077_u9djzo2cb,even,post_even_q7,"Woul you feel more confident with an real colleagues rather than AI?","Not specified"
2026-01-31T19:05:01.069Z,P_1767970855077_u9djzo2cb,even,post_even_q8,"How did you feel when there was no reaction to the AI Bot during ciritical tickets?","Not specified"
2026-01-31T19:05:01.069Z,P_1767970855077_u9djzo2cb,even,post_even_q9,"Did you also not react to critical tickets just like the AI Bot?","Not specified"
2026-01-31T19:05:01.069Z,P_1767970855077_u9djzo2cb,even,post_even_q10,"'If the AI Bot is here, I don't need to worry about anything', did you have such thoughts?","Not specified"
2026-01-31T19:05:01.070Z,P_1767970855077_u9djzo2cb,even,post_even_q11,"General remarks","Not specified"
2026-01-31T19:23:50.066Z,P_1767970855077_u9djzo2cb,even,post_even_q1,"How effective did AI Assistant work?","Not specified"
2026-01-31T19:23:50.067Z,P_1767970855077_u9djzo2cb,even,post_even_q2,"What AI mode did you select in the beginning?","Not specified"
2026-01-31T19:23:50.067Z,P_1767970855077_u9djzo2cb,even,post_even_q3,"Did you change your AI Mode during the experiment?","Not specified"
2026-01-31T19:23:50.067Z,P_1767970855077_u9djzo2cb,even,post_even_q4,"If you used normal mode, how ofen did you use the help of the AI Bot?","Not specified"
2026-01-31T19:23:50.068Z,P_1767970855077_u9djzo2cb,even,post_even_q5,"Did you loose trust in the AI Bot, when you saw it err?","Not specified"
2026-01-31T19:23:50.068Z,P_1767970855077_u9djzo2cb,even,post_even_q6,"Did you feel more confidence when working with the AI Bot?","Not specified"
2026-01-31T19:23:50.068Z,P_1767970855077_u9djzo2cb,even,post_even_q7,"Woul you feel more confident with an real colleagues rather than AI?","Not specified"
2026-01-31T19:23:50.068Z,P_1767970855077_u9djzo2cb,even,post_even_q8,"How did you feel when there was no reaction to the AI Bot during ciritical tickets?","Not specified"
2026-01-31T19:23:50.068Z,P_1767970855077_u9djzo2cb,even,post_even_q9,"Did you also not react to critical tickets just like the AI Bot?","Not specified"
2026-01-31T19:23:50.069Z,P_1767970855077_u9djzo2cb,even,post_even_q10,"'If the AI Bot is here, I don't need to worry about anything', did you have such thoughts?","Not specified"
2026-01-31T19:23:50.069Z,P_1767970855077_u9djzo2cb,even,post_even_q11,"General remarks","Not specified"
2026-01-31T19:24:10.692Z,P_1767970855077_u9djzo2cb,even,post_odd_q1,"How effective did colleagues work?","Not specified"
2026-01-31T19:24:10.695Z,P_1767970855077_u9djzo2cb,even,post_odd_q2,"How often did you delegate task to you colleagues?","Not specified"
2026-01-31T19:24:10.696Z,P_1767970855077_u9djzo2cb,even,post_odd_q3,"Did you feel more confidence when working with colleagues?","Not specified"
2026-01-31T19:24:10.696Z,P_1767970855077_u9djzo2cb,even,post_odd_q4,"Which type of colleague did you delegate tasks to?","Not specified"
2026-01-31T19:24:10.696Z,P_1767970855077_u9djzo2cb,even,post_odd_q5,"Do you think you would feel even more confident if there were even more colleauges during the shif?","Not specified"
2026-01-31T19:24:10.697Z,P_1767970855077_u9djzo2cb,even,post_odd_q6,"Did you loose trust in colleagues, when you saw them err?","Not specified"
2026-01-31T19:24:10.697Z,P_1767970855077_u9djzo2cb,even,post_odd_q7,"'If colleagues are here, I don't need to worry about anything', did you have such thoughts?","Not specified"
2026-01-31T19:24:10.697Z,P_1767970855077_u9djzo2cb,even,post_odd_q8,"How did you feel when there were no colleagues during ciritical tickets?","Not specified"
2026-01-31T19:24:10.697Z,P_1767970855077_u9djzo2cb,even,post_odd_q9,"Did you also not react to critical tickets just like colleagues?","Not specified"
2026-01-31T19:24:10.698Z,P_1767970855077_u9djzo2cb,even,post_odd_q10,"Woul you feel more confident with an AI Bot rather than colleagues?","Not specified"
2026-01-31T19:24:10.698Z,P_1767970855077_u9djzo2cb,even,post_odd_q11,"General remarks","Not specified"
2026-01-31T19:24:24.652Z,P_1767970855077_u9djzo2cb,even,post_odd_q1,"How effective did colleagues work?","Not specified"
2026-01-31T19:24:24.653Z,P_1767970855077_u9djzo2cb,even,post_odd_q2,"How often did you delegate task to you colleagues?","Not specified"
2026-01-31T19:24:24.653Z,P_1767970855077_u9djzo2cb,even,post_odd_q3,"Did you feel more confidence when working with colleagues?","Not specified"
2026-01-31T19:24:24.654Z,P_1767970855077_u9djzo2cb,even,post_odd_q4,"Which type of colleague did you delegate tasks to?","Not specified"
2026-01-31T19:24:24.654Z,P_1767970855077_u9djzo2cb,even,post_odd_q5,"Do you think you would feel even more confident if there were even more colleauges during the shif?","Not specified"
2026-01-31T19:24:24.654Z,P_1767970855077_u9djzo2cb,even,post_odd_q6,"Did you loose trust in colleagues, when you saw them err?","Not specified"
2026-01-31T19:24:24.655Z,P_1767970855077_u9djzo2cb,even,post_odd_q7,"'If colleagues are here, I don't need to worry about anything', did you have such thoughts?","Not specified"
2026-01-31T19:24:24.655Z,P_1767970855077_u9djzo2cb,even,post_odd_q8,"How did you feel when there were no colleagues during ciritical tickets?","Not specified"
2026-01-31T19:24:24.655Z,P_1767970855077_u9djzo2cb,even,post_odd_q9,"Did you also not react to critical tickets just like colleagues?","Not specified"
2026-01-31T19:24:24.655Z,P_1767970855077_u9djzo2cb,even,post_odd_q10,"Woul you feel more confident with an AI Bot rather than colleagues?","Not specified"
2026-01-31T19:24:24.655Z,P_1767970855077_u9djzo2cb,even,post_odd_q11,"General remarks","Not specified"
2026-01-31T19:24:38.795Z,P_1767970855077_u9djzo2cb,odd,post_even_q1,"How effective did AI Assistant work?","Not specified"
2026-01-31T19:24:38.796Z,P_1767970855077_u9djzo2cb,odd,post_even_q2,"What AI mode did you select in the beginning?","Not specified"
2026-01-31T19:24:38.796Z,P_1767970855077_u9djzo2cb,odd,post_even_q3,"Did you change your AI Mode during the experiment?","Not specified"
2026-01-31T19:24:38.796Z,P_1767970855077_u9djzo2cb,odd,post_even_q4,"If you used normal mode, how ofen did you use the help of the AI Bot?","Not specified"
2026-01-31T19:24:38.796Z,P_1767970855077_u9djzo2cb,odd,post_even_q5,"Did you loose trust in the AI Bot, when you saw it err?","Not specified"
2026-01-31T19:24:38.797Z,P_1767970855077_u9djzo2cb,odd,post_even_q6,"Did you feel more confidence when working with the AI Bot?","Not specified"
2026-01-31T19:24:38.797Z,P_1767970855077_u9djzo2cb,odd,post_even_q7,"Woul you feel more confident with an real colleagues rather than AI?","Not specified"
2026-01-31T19:24:38.797Z,P_1767970855077_u9djzo2cb,odd,post_even_q8,"How did you feel when there was no reaction to the AI Bot during ciritical tickets?","Not specified"
2026-01-31T19:24:38.798Z,P_1767970855077_u9djzo2cb,odd,post_even_q9,"Did you also not react to critical tickets just like the AI Bot?","Not specified"
2026-01-31T19:24:38.799Z,P_1767970855077_u9djzo2cb,odd,post_even_q10,"'If the AI Bot is here, I don't need to worry about anything', did you have such thoughts?","Not specified"
2026-01-31T19:24:38.799Z,P_1767970855077_u9djzo2cb,odd,post_even_q11,"General remarks","Not specified"
2026-01-31T19:40:51.139Z,P_1769888396823_enk7qyf1a,odd,post_even_q1,"How effective did AI Assistant work?","Not specified"
2026-01-31T19:40:51.142Z,P_1769888396823_enk7qyf1a,odd,post_even_q2,"What AI mode did you select in the beginning?","Not specified"
2026-01-31T19:40:51.143Z,P_1769888396823_enk7qyf1a,odd,post_even_q3,"Did you change your AI Mode during the experiment?","Not specified"
2026-01-31T19:40:51.143Z,P_1769888396823_enk7qyf1a,odd,post_even_q4,"If you used normal mode, how ofen did you use the help of the AI Bot?","Not specified"
2026-01-31T19:40:51.143Z,P_1769888396823_enk7qyf1a,odd,post_even_q5,"Did you loose trust in the AI Bot, when you saw it err?","Not specified"
2026-01-31T19:40:51.143Z,P_1769888396823_enk7qyf1a,odd,post_even_q6,"Did you feel more confidence when working with the AI Bot?","Not specified"
2026-01-31T19:40:51.144Z,P_1769888396823_enk7qyf1a,odd,post_even_q7,"Woul you feel more confident with an real colleagues rather than AI?","Not specified"
2026-01-31T19:40:51.144Z,P_1769888396823_enk7qyf1a,odd,post_even_q8,"How did you feel when there was no reaction to the AI Bot during ciritical tickets?","Not specified"
2026-01-31T19:40:51.144Z,P_1769888396823_enk7qyf1a,odd,post_even_q9,"Did you also not react to critical tickets just like the AI Bot?","Not specified"
2026-01-31T19:40:51.144Z,P_1769888396823_enk7qyf1a,odd,post_even_q10,"'If the AI Bot is here, I don't need to worry about anything', did you have such thoughts?","Not specified"
2026-01-31T19:40:51.145Z,P_1769888396823_enk7qyf1a,odd,post_even_q11,"General remarks","Not specified"
